,geographic_name,site_type,longitude,latitude,geometry,date_mod
0,Las señoritas,hamlet,-75.5696998,3.4659505,POINT Z (-75.5696998 3.4659505 0),2021-08-27T00:00:00+00:00
1,Iglesia San Juan Bautista,place_of_worship,-75.4846869,3.724765,POINT Z (-75.4846869 3.724765 0),2021-08-27T00:00:00+00:00
2,Casa Café,cafe,-75.4855748,3.7247075,POINT Z (-75.48557479999999 3.7247075 0),2021-08-27T00:00:00+00:00
3,Hospital San Juan Bautista,hospital,-75.4845993,3.7268292,POINT Z (-75.4845993 3.7268292 0),2021-08-27T00:00:00+00:00
4,Zona de Taxis,taxi,-75.4853197,3.7242221,POINT Z (-75.48531970000001 3.7242221 0),2021-08-27T00:00:00+00:00
5,La Manga,locality,-75.4349689,3.5097864,POINT Z (-75.4349689 3.5097864 0),2021-08-27T00:00:00+00:00
6,La Profunda,hamlet,-75.6260707,3.5813838,POINT Z (-75.6260707 3.5813838 0),2021-08-27T00:00:00+00:00
7,Las Juntas,locality,-75.6223764,3.5946369,POINT Z (-75.62237639999999 3.5946369 0),2021-08-27T00:00:00+00:00
8,La Aldea,locality,-75.6101942,3.5981782,POINT Z (-75.6101942 3.5981782 0),2021-08-27T00:00:00+00:00
9,La Argentina,locality,-75.6058029,3.6034194,POINT Z (-75.6058029 3.6034194 0),2021-08-27T00:00:00+00:00
10,Esc. Icarco,school,-75.5991331,3.6119407,POINT Z (-75.5991331 3.6119407 0),2021-08-27T00:00:00+00:00
11,Calibio,locality,-75.5971621,3.6320334,POINT Z (-75.59716210000001 3.6320334 0),2021-08-27T00:00:00+00:00
12,Dos Aguas,locality,-75.6144438,3.629342,POINT Z (-75.6144438 3.629342 0),2021-08-27T00:00:00+00:00
13,Berlin,locality,-75.6117524,3.6258006,POINT Z (-75.6117524 3.6258006 0),2021-08-27T00:00:00+00:00
14,El Triunfo,locality,-75.6203932,3.6071024,POINT Z (-75.6203932 3.6071024 0),2021-08-27T00:00:00+00:00
15,La Glorieta,locality,-75.60127,3.6429407,POINT Z (-75.60127 3.6429407 0),2021-08-27T00:00:00+00:00
16,La Tribuna,locality,-75.6154354,3.6406742,POINT Z (-75.6154354 3.6406742 0),2021-08-27T00:00:00+00:00
17,El Tesoro,locality,-75.6072195,3.6328833,POINT Z (-75.6072195 3.6328833 0),2021-08-27T00:00:00+00:00
18,Calibio,hamlet,-75.6307339,3.6340165,POINT Z (-75.6307339 3.6340165 0),2021-08-27T00:00:00+00:00
19,Esc. Helechales,school,-75.5898626,3.6826813,POINT Z (-75.5898626 3.6826813 0),2021-08-27T00:00:00+00:00
20,El Jardin,locality,-75.6385249,3.6626305,POINT Z (-75.63852489999999 3.6626305 0),2021-08-27T00:00:00+00:00
21,San Antonio,locality,-75.6358335,3.6539897,POINT Z (-75.6358335 3.6539897 0),2021-08-27T00:00:00+00:00
22,El Recuerdo,locality,-75.6104775,3.657531,POINT Z (-75.6104775 3.657531 0),2021-08-27T00:00:00+00:00
23,La Germania,locality,-75.6206765,3.6537064,POINT Z (-75.6206765 3.6537064 0),2021-08-27T00:00:00+00:00
24,Chicala,locality,-75.612319,3.6840202,POINT Z (-75.612319 3.6840202 0),2021-08-27T00:00:00+00:00
25,La Victoria,locality,-75.6222347,3.6510149,POINT Z (-75.62223470000001 3.6510149 0),2021-08-27T00:00:00+00:00
26,Las Margaritas,locality,-75.6087776,3.6494567,POINT Z (-75.6087776 3.6494567 0),2021-08-27T00:00:00+00:00
27,Granja El Limon,locality,-75.5953206,3.6728296,POINT Z (-75.59532059999999 3.6728296 0),2021-08-27T00:00:00+00:00
28,Hacienda Providencia,locality,-75.5944706,3.6619223,POINT Z (-75.59447059999999 3.6619223 0),2021-08-27T00:00:00+00:00
29,Balcones,isolated_dwelling,-75.8495583,3.8245793,POINT Z (-75.8495583 3.8245793 0),2021-08-27T00:00:00+00:00
30,La Aurora,locality,-75.6780462,3.7301992,POINT Z (-75.6780462 3.7301992 0),2021-08-27T00:00:00+00:00
31,La Lindoza,locality,-75.6739382,3.7328906,POINT Z (-75.67393819999999 3.7328906 0),2021-08-27T00:00:00+00:00
32,El Pasaje,locality,-75.712043,3.6926611,POINT Z (-75.71204299999999 3.6926611 0),2021-08-27T00:00:00+00:00
33,La Tarenta,locality,-75.6820125,3.7476226,POINT Z (-75.6820125 3.7476226 0),2021-08-27T00:00:00+00:00
34,San Fernando,hamlet,-75.678397,3.748007,POINT Z (-75.678397 3.748007 0),2021-08-27T00:00:00+00:00
35,Esc. Dos Quebradas,school,-75.6118031,3.7352318,POINT Z (-75.6118031 3.7352318 0),2021-08-27T00:00:00+00:00
36,Florestal Ambeima,hamlet,-75.6643638,3.7066408,POINT Z (-75.6643638 3.7066408 0),2021-08-27T00:00:00+00:00
37,Jazminia,locality,-75.5861131,3.6964857,POINT Z (-75.58611310000001 3.6964857 0),2021-08-27T00:00:00+00:00
38,Hacienda La Camelia,locality,-75.6135939,3.6964857,POINT Z (-75.6135939 3.6964857 0),2021-08-27T00:00:00+00:00
39,Meson,locality,-75.5936207,3.6940776,POINT Z (-75.5936207 3.6940776 0),2021-08-27T00:00:00+00:00
40,Florencia,locality,-75.6087776,3.7197169,POINT Z (-75.6087776 3.7197169 0),2021-08-27T00:00:00+00:00
41,Balcones,locality,-75.6066528,3.724958,POINT Z (-75.60665280000001 3.724958 0),2021-08-27T00:00:00+00:00
42,Los Curas,locality,-75.6050947,3.6981855,POINT Z (-75.6050947 3.6981855 0),2021-08-27T00:00:00+00:00
43,La Cabaña,locality,-75.6558066,3.7335989,POINT Z (-75.65580660000001 3.7335989 0),2021-08-27T00:00:00+00:00
44,El Paraiso,locality,-75.6509904,3.7195752,POINT Z (-75.6509904 3.7195752 0),2021-08-27T00:00:00+00:00
45,El Recreo,locality,-75.5880962,3.7309075,POINT Z (-75.5880962 3.7309075 0),2021-08-27T00:00:00+00:00
46,La Aurora,locality,-75.6593479,3.6997437,POINT Z (-75.6593479 3.6997437 0),2021-08-27T00:00:00+00:00
47,La Marina,locality,-75.626626,3.7204251,POINT Z (-75.626626 3.7204251 0),2021-08-27T00:00:00+00:00
48,El Vergel,locality,-75.6668556,3.7486142,POINT Z (-75.66685560000001 3.7486142 0),2021-08-27T00:00:00+00:00
49,Santa Lucia,locality,-75.6650141,3.7416731,POINT Z (-75.66501409999999 3.7416731 0),2021-08-27T00:00:00+00:00
50,El Salado,locality,-75.6715301,3.7559801,POINT Z (-75.6715301 3.7559801 0),2021-08-27T00:00:00+00:00
51,Aguas Claras,hamlet,-75.645217,3.756465,POINT Z (-75.645217 3.756465 0),2021-08-27T00:00:00+00:00
52,Las Juntas,hamlet,-75.6488393,3.7454388,POINT Z (-75.64883930000001 3.7454388 0),2021-08-27T00:00:00+00:00
53,La Tolda,locality,-75.6638808,3.7688706,POINT Z (-75.6638808 3.7688706 0),2021-08-27T00:00:00+00:00
54,La Primavera,hamlet,-75.6362497,3.7589903,POINT Z (-75.63624969999999 3.7589903 0),2021-08-27T00:00:00+00:00
55,El Canelo,locality,-75.5862547,3.7460644,POINT Z (-75.5862547 3.7460644 0),2021-08-27T00:00:00+00:00
56,California,locality,-75.5893711,3.7379902,POINT Z (-75.58937109999999 3.7379902 0),2021-08-27T00:00:00+00:00
57,El Parasol,locality,-75.6019783,3.7531471,POINT Z (-75.6019783 3.7531471 0),2021-08-27T00:00:00+00:00
58,La Soledad,locality,-75.5984369,3.7501724,POINT Z (-75.5984369 3.7501724 0),2021-08-27T00:00:00+00:00
59,La Sonrisa,locality,-75.5967371,3.7437979,POINT Z (-75.5967371 3.7437979 0),2021-08-27T00:00:00+00:00
60,Esc. Astilleros,school,-75.5900223,3.762422,POINT Z (-75.5900223 3.762422 0),2021-08-27T00:00:00+00:00
61,La Estrella,locality,-75.6077861,3.7600881,POINT Z (-75.6077861 3.7600881 0),2021-08-27T00:00:00+00:00
62,La Libia,locality,-75.5900794,3.7585299,POINT Z (-75.59007939999999 3.7585299 0),2021-08-27T00:00:00+00:00
63,San Pedro Ambeima,hamlet,-75.6247043,3.7636779,POINT Z (-75.6247043 3.7636779 0),2021-08-27T00:00:00+00:00
64,La Floresta,locality,-75.6791794,3.8208574,POINT Z (-75.6791794 3.8208574 0),2021-08-27T00:00:00+00:00
65,Aurora Hermosas,hamlet,-75.7202371,3.829805,POINT Z (-75.72023710000001 3.829805 0),2021-08-27T00:00:00+00:00
66,El Escobal,hamlet,-75.6880342,3.8648129,POINT Z (-75.6880342 3.8648129 0),2021-08-27T00:00:00+00:00
67,Davis,locality,-75.6813628,3.8431825,POINT Z (-75.6813628 3.8431825 0),2021-08-27T00:00:00+00:00
68,El Oriente,locality,-75.7159817,3.8506493,POINT Z (-75.7159817 3.8506493 0),2021-08-27T00:00:00+00:00
69,Lorena,locality,-75.726028,3.8558082,POINT Z (-75.726028 3.8558082 0),2021-08-27T00:00:00+00:00
70,El Brillante,locality,-75.7398071,3.8256736,POINT Z (-75.73980709999999 3.8256736 0),2021-08-27T00:00:00+00:00
71,Davis - Janeiro,hamlet,-75.6833232,3.8237627,POINT Z (-75.6833232 3.8237627 0),2021-08-27T00:00:00+00:00
72,Vega Chiquita,locality,-75.5937624,3.8062671,POINT Z (-75.5937624 3.8062671 0),2021-08-27T00:00:00+00:00
73,El Moral,locality,-75.5879546,3.8021592,POINT Z (-75.5879546 3.8021592 0),2021-08-27T00:00:00+00:00
74,Brisas San Pablo Ambeima,hamlet,-75.6443354,3.796017,POINT Z (-75.6443354 3.796017 0),2021-08-27T00:00:00+00:00
75,El Bosque,hamlet,-75.6091614,3.7848492,POINT Z (-75.6091614 3.7848492 0),2021-08-27T00:00:00+00:00
76,San Marcos,hamlet,-75.6624627,3.7793102,POINT Z (-75.66246270000001 3.7793102 0),2021-08-27T00:00:00+00:00
77,San Pablo Hermosas,hamlet,-75.6344002,3.8206633,POINT Z (-75.6344002 3.8206633 0),2021-08-27T00:00:00+00:00
78,Los SiUces,hamlet,-75.6050205,3.8186717,POINT Z (-75.60502049999999 3.8186717 0),2021-08-27T00:00:00+00:00
79,El Pando - El Libano,hamlet,-75.6193204,3.8068973,POINT Z (-75.61932040000001 3.8068973 0),2021-08-27T00:00:00+00:00
80,La Virginia,hamlet,-75.6544023,3.8552163,POINT Z (-75.6544023 3.8552163 0),2021-08-27T00:00:00+00:00
81,Holanda - Hermosas,hamlet,-75.624695,3.8390614,POINT Z (-75.624695 3.8390614 0),2021-08-27T00:00:00+00:00
82,Rio De Janeiro,locality,-75.6528531,3.8411461,POINT Z (-75.6528531 3.8411461 0),2021-08-27T00:00:00+00:00
83,La Virginia,locality,-75.6384625,3.8498348,POINT Z (-75.6384625 3.8498348 0),2021-08-27T00:00:00+00:00
84,Barcelona,locality,-75.6584193,3.8339508,POINT Z (-75.65841930000001 3.8339508 0),2021-08-27T00:00:00+00:00
85,La Esperanza,locality,-75.6586908,3.8296065,POINT Z (-75.6586908 3.8296065 0),2021-08-27T00:00:00+00:00
86,Virginia,locality,-75.6453144,3.8545583,POINT Z (-75.6453144 3.8545583 0),2021-08-27T00:00:00+00:00
87,Argentina - Hermosas,hamlet,-75.6181004,3.8620362,POINT Z (-75.6181004 3.8620362 0),2021-08-27T00:00:00+00:00
88,San Roque,hamlet,-75.5988751,3.8559564,POINT Z (-75.5988751 3.8559564 0),2021-08-27T00:00:00+00:00
89,Virginia - Alta,hamlet,-75.6531822,3.8671274,POINT Z (-75.6531822 3.8671274 0),2021-08-27T00:00:00+00:00
90,Santa Barbara,village,-75.5879083,3.836884,POINT Z (-75.5879083 3.836884 0),2021-08-27T00:00:00+00:00
91,El Recreo - Sec. Davis,hamlet,-75.647376,3.8316462,POINT Z (-75.64737599999999 3.8316462 0),2021-08-27T00:00:00+00:00
92,El Diamante,locality,-75.5159946,3.5576653,POINT Z (-75.5159946 3.5576653 0),2021-08-27T00:00:00+00:00
93,La Linea,locality,-75.5082645,3.5661958,POINT Z (-75.5082645 3.5661958 0),2021-08-27T00:00:00+00:00
94,La Soledad,locality,-75.5219441,3.5787717,POINT Z (-75.5219441 3.5787717 0),2021-08-27T00:00:00+00:00
95,Betania,locality,-75.5141531,3.5709807,POINT Z (-75.5141531 3.5709807 0),2021-08-27T00:00:00+00:00
96,La Violeta,locality,-75.515428,3.5623399,POINT Z (-75.515428 3.5623399 0),2021-08-27T00:00:00+00:00
97,La Sierra,locality,-75.5774722,3.5899623,POINT Z (-75.5774722 3.5899623 0),2021-08-27T00:00:00+00:00
98,Santa Rita,locality,-75.5549493,3.5940702,POINT Z (-75.5549493 3.5940702 0),2021-08-27T00:00:00+00:00
99,La Lindosa,locality,-75.5688314,3.5760803,POINT Z (-75.56883139999999 3.5760803 0),2021-08-27T00:00:00+00:00
100,Araca Mangas,locality,-75.4385721,3.5296463,POINT Z (-75.4385721 3.5296463 0),2021-08-27T00:00:00+00:00
101,Las Delicias,locality,-75.4846892,3.5711224,POINT Z (-75.48468920000001 3.5711224 0),2021-08-27T00:00:00+00:00
102,Las Cruces,locality,-75.4912053,3.6018612,POINT Z (-75.4912053 3.6018612 0),2021-08-27T00:00:00+00:00
103,La Granja,locality,-75.4914886,3.5762219,POINT Z (-75.4914886 3.5762219 0),2021-08-27T00:00:00+00:00
104,Irco,locality,-75.5565075,3.6446405,POINT Z (-75.5565075 3.6446405 0),2021-08-27T00:00:00+00:00
105,El Viento,locality,-75.547725,3.6381245,POINT Z (-75.547725 3.6381245 0),2021-08-27T00:00:00+00:00
106,Esc. Buenos Aires,school,-75.5741446,3.6846839,POINT Z (-75.5741446 3.6846839 0),2021-08-27T00:00:00+00:00
107,Altamira,locality,-75.547422,3.6666282,POINT Z (-75.547422 3.6666282 0),2021-08-27T00:00:00+00:00
108,Providencia,locality,-75.5786055,3.6654636,POINT Z (-75.57860549999999 3.6654636 0),2021-08-27T00:00:00+00:00
109,La Balsita,locality,-75.4686824,3.636283,POINT Z (-75.46868240000001 3.636283 0),2021-08-27T00:00:00+00:00
110,Tambillos,locality,-75.4448846,3.6287753,POINT Z (-75.44488459999999 3.6287753 0),2021-08-27T00:00:00+00:00
111,Buenos Aires,locality,-75.4836976,3.6165931,POINT Z (-75.4836976 3.6165931 0),2021-08-27T00:00:00+00:00
112,Cueva De Tuluni,locality,-75.4440347,3.6348664,POINT Z (-75.4440347 3.6348664 0),2021-08-27T00:00:00+00:00
113,El Totumo,locality,-75.4936134,3.6096521,POINT Z (-75.4936134 3.6096521 0),2021-08-27T00:00:00+00:00
114,Tuluni,locality,-75.4720821,3.6524315,POINT Z (-75.47208209999999 3.6524315 0),2021-08-27T00:00:00+00:00
115,La Lopez,locality,-75.4808694,3.6896556,POINT Z (-75.4808694 3.6896556 0),2021-08-27T00:00:00+00:00
116,Santa Rosa,locality,-75.3879399,3.6045526,POINT Z (-75.38793990000001 3.6045526 0),2021-08-27T00:00:00+00:00
117,Mesetas De El Espinal,locality,-75.3992722,3.6461987,POINT Z (-75.3992722 3.6461987 0),2021-08-27T00:00:00+00:00
118,Esc. La Jazminia,school,-75.5857724,3.7004414,POINT Z (-75.5857724 3.7004414 0),2021-08-27T00:00:00+00:00
119,Hacienda Portugal,locality,-75.5719477,3.7318991,POINT Z (-75.5719477 3.7318991 0),2021-08-27T00:00:00+00:00
120,Hacienda Jazminia,locality,-75.5667066,3.7015852,POINT Z (-75.5667066 3.7015852 0),2021-08-27T00:00:00+00:00
121,San Pedro,locality,-75.5532495,3.7259496,POINT Z (-75.55324950000001 3.7259496 0),2021-08-27T00:00:00+00:00
122,Las Cruces,locality,-75.5548077,3.6954941,POINT Z (-75.5548077 3.6954941 0),2021-08-27T00:00:00+00:00
123,Albania,locality,-75.5769056,3.7299159,POINT Z (-75.5769056 3.7299159 0),2021-08-27T00:00:00+00:00
124,Aguayo,locality,-75.5260172,3.7129912,POINT Z (-75.5260172 3.7129912 0),2021-08-27T00:00:00+00:00
125,Granja Agricola,locality,-75.5062205,3.7229749,POINT Z (-75.5062205 3.7229749 0),2021-08-27T00:00:00+00:00
126,El Guamal,locality,-75.5213775,3.7020102,POINT Z (-75.5213775 3.7020102 0),2021-08-27T00:00:00+00:00
127,Buenos Aires,locality,-75.5230773,3.7289243,POINT Z (-75.5230773 3.7289243 0),2021-08-27T00:00:00+00:00
128,Los Pozos,locality,-75.5283185,3.7335989,POINT Z (-75.5283185 3.7335989 0),2021-08-27T00:00:00+00:00
129,Esc. El Guadual,school,-75.5796819,3.764992,POINT Z (-75.5796819 3.764992 0),2021-08-27T00:00:00+00:00
130,Lagunilla,locality,-75.5807303,3.7514472,POINT Z (-75.5807303 3.7514472 0),2021-08-27T00:00:00+00:00
131,Vallecito,locality,-75.5757724,3.75768,POINT Z (-75.57577240000001 3.75768 0),2021-08-27T00:00:00+00:00
132,Mate,locality,-75.5369593,3.7738285,POINT Z (-75.53695930000001 3.7738285 0),2021-08-27T00:00:00+00:00
133,La Victoria,locality,-75.5713811,3.7746784,POINT Z (-75.5713811 3.7746784 0),2021-08-27T00:00:00+00:00
134,El Guadual,locality,-75.575914,3.7623545,POINT Z (-75.575914 3.7623545 0),2021-08-27T00:00:00+00:00
135,El Tesoro,locality,-75.523219,3.7615046,POINT Z (-75.523219 3.7615046 0),2021-08-27T00:00:00+00:00
136,Santa Ana,locality,-75.5325681,3.7408232,POINT Z (-75.53256810000001 3.7408232 0),2021-08-27T00:00:00+00:00
137,Crucero De Marta,locality,-75.5261937,3.7510223,POINT Z (-75.52619369999999 3.7510223 0),2021-08-27T00:00:00+00:00
138,Chaparral,town,-75.485156,3.7245851,POINT Z (-75.485156 3.7245851 0),2021-08-27T00:00:00+00:00
139,Chiguali,locality,-75.469674,3.7335989,POINT Z (-75.469674 3.7335989 0),2021-08-27T00:00:00+00:00
140,Madroñal,locality,-75.4178288,3.7178754,POINT Z (-75.4178288 3.7178754 0),2021-08-27T00:00:00+00:00
141,El Refugio,locality,-75.4519673,3.7337406,POINT Z (-75.45196730000001 3.7337406 0),2021-08-27T00:00:00+00:00
142,Las Mercedes,locality,-75.4437514,3.7083846,POINT Z (-75.4437514 3.7083846 0),2021-08-27T00:00:00+00:00
143,Chircal,locality,-75.4539504,3.7229749,POINT Z (-75.4539504 3.7229749 0),2021-08-27T00:00:00+00:00
144,El Roble,locality,-75.4967298,3.7558385,POINT Z (-75.4967298 3.7558385 0),2021-08-27T00:00:00+00:00
145,El Carmen,locality,-75.4601832,3.7783614,POINT Z (-75.4601832 3.7783614 0),2021-08-27T00:00:00+00:00
146,Santa Ines,locality,-75.4243448,3.7588132,POINT Z (-75.4243448 3.7588132 0),2021-08-27T00:00:00+00:00
147,Mataredonda,locality,-75.5056539,3.7943682,POINT Z (-75.5056539 3.7943682 0),2021-08-27T00:00:00+00:00
148,Potrerito De Lugo,locality,-75.5312623,3.8063064,POINT Z (-75.53126229999999 3.8063064 0),2021-08-27T00:00:00+00:00
149,Agua Bonita,locality,-75.576764,3.8139164,POINT Z (-75.576764 3.8139164 0),2021-08-27T00:00:00+00:00
150,Barcelona,locality,-75.5526829,3.7959264,POINT Z (-75.55268289999999 3.7959264 0),2021-08-27T00:00:00+00:00
151,Pedregal,locality,-75.5150562,3.8290634,POINT Z (-75.5150562 3.8290634 0),2021-08-27T00:00:00+00:00
152,Potrerito,locality,-75.5301257,3.8430467,POINT Z (-75.5301257 3.8430467 0),2021-08-27T00:00:00+00:00
153,Potrerito Lugo,locality,-75.5279535,3.8384309,POINT Z (-75.5279535 3.8384309 0),2021-08-27T00:00:00+00:00
154,Luxemburgo,locality,-75.576764,3.8276568,POINT Z (-75.576764 3.8276568 0),2021-08-27T00:00:00+00:00
155,Esc. La Julia,school,-75.4952888,3.8191322,POINT Z (-75.4952888 3.8191322 0),2021-08-27T00:00:00+00:00
156,Brazuela,locality,-75.4579167,3.8054172,POINT Z (-75.4579167 3.8054172 0),2021-08-27T00:00:00+00:00
157,Calarma,locality,-75.448001,3.8055589,POINT Z (-75.448001 3.8055589 0),2021-08-27T00:00:00+00:00
158,Calarma,locality,-75.4223582,3.8046255,POINT Z (-75.42235820000001 3.8046255 0),2021-08-27T00:00:00+00:00
159,Esc. Lirios,school,-75.4758981,3.8320422,POINT Z (-75.47589809999999 3.8320422 0),2021-08-27T00:00:00+00:00
160,Esc. Vista Hermosa,school,-75.4137859,3.8501421,POINT Z (-75.41378589999999 3.8501421 0),2021-08-27T00:00:00+00:00
161,El Cural,locality,-75.4903478,3.8415534,POINT Z (-75.4903478 3.8415534 0),2021-08-27T00:00:00+00:00
162,Miramar,locality,-75.4163584,3.8302853,POINT Z (-75.41635839999999 3.8302853 0),2021-08-27T00:00:00+00:00
163,El Curo,locality,-75.4904836,3.8419607,POINT Z (-75.4904836 3.8419607 0),2021-08-27T00:00:00+00:00
164,La Venta,locality,-75.3385029,3.7225499,POINT Z (-75.33850289999999 3.7225499 0),2021-08-27T00:00:00+00:00
165,La Vega,locality,-75.3232043,3.7207084,POINT Z (-75.3232043 3.7207084 0),2021-08-27T00:00:00+00:00
166,La Victoria,locality,-75.3200879,3.7120676,POINT Z (-75.3200879 3.7120676 0),2021-08-27T00:00:00+00:00
167,Tamareo,locality,-75.3037978,3.7066847,POINT Z (-75.3037978 3.7066847 0),2021-08-27T00:00:00+00:00
168,Pipini,locality,-75.3824154,3.7129175,POINT Z (-75.3824154 3.7129175 0),2021-08-27T00:00:00+00:00
169,San Jose,locality,-75.3674002,3.7107927,POINT Z (-75.36740020000001 3.7107927 0),2021-08-27T00:00:00+00:00
170,El Saman,locality,-75.3433191,3.7338822,POINT Z (-75.3433191 3.7338822 0),2021-08-27T00:00:00+00:00
171,El Porvenir,locality,-75.3264623,3.7313324,POINT Z (-75.3264623 3.7313324 0),2021-08-27T00:00:00+00:00
172,Paujil,locality,-75.404655,3.7491808,POINT Z (-75.40465500000001 3.7491808 0),2021-08-27T00:00:00+00:00
173,Mosquitos,locality,-75.3971474,3.7341655,POINT Z (-75.39714739999999 3.7341655 0),2021-08-27T00:00:00+00:00
174,Capellania,locality,-75.3791574,3.725383,POINT Z (-75.3791574 3.725383 0),2021-08-27T00:00:00+00:00
175,Yaguaral,locality,-75.3383612,3.7865773,POINT Z (-75.33836119999999 3.7865773 0),2021-08-27T00:00:00+00:00
176,Vistahermosa,locality,-75.4035969,3.853093,POINT Z (-75.4035969 3.853093 0),2021-08-27T00:00:00+00:00
177,La Aguada,locality,-75.4016962,3.8300137,POINT Z (-75.4016962 3.8300137 0),2021-08-27T00:00:00+00:00
178,Lemaya,locality,-75.378161,3.7959755,POINT Z (-75.37816100000001 3.7959755 0),2021-08-27T00:00:00+00:00
179,Los Planes,locality,-75.7880706,3.8945,POINT Z (-75.7880706 3.8945 0),2021-08-27T00:00:00+00:00
180,Los Pinos,locality,-75.7668919,3.8955861,POINT Z (-75.7668919 3.8955861 0),2021-08-27T00:00:00+00:00
181,La Florida,locality,-75.7719151,3.9106555,POINT Z (-75.7719151 3.9106555 0),2021-08-27T00:00:00+00:00
182,El Mirador,locality,-75.7985241,3.9255891,POINT Z (-75.79852409999999 3.9255891 0),2021-08-27T00:00:00+00:00
183,El Diamante,locality,-75.8287987,3.8829603,POINT Z (-75.82879869999999 3.8829603 0),2021-08-27T00:00:00+00:00
184,Gigante,locality,-75.826898,3.891649,POINT Z (-75.826898 3.891649 0),2021-08-27T00:00:00+00:00
185,Bolivia,locality,-75.7856269,3.8863543,POINT Z (-75.7856269 3.8863543 0),2021-08-27T00:00:00+00:00
186,Santa Fe,locality,-75.7705575,3.9345493,POINT Z (-75.7705575 3.9345493 0),2021-08-27T00:00:00+00:00
187,Balcones,locality,-75.7647197,3.9169004,POINT Z (-75.7647197 3.9169004 0),2021-08-27T00:00:00+00:00
188,Santa Cecilia,locality,-75.7765309,3.9213805,POINT Z (-75.7765309 3.9213805 0),2021-08-27T00:00:00+00:00
189,Satena,locality,-75.6981971,3.8883907,POINT Z (-75.6981971 3.8883907 0),2021-08-27T00:00:00+00:00
190,Mameyal,locality,-75.6774258,3.8966721,POINT Z (-75.67742579999999 3.8966721 0),2021-08-27T00:00:00+00:00
191,La Linda,isolated_dwelling,-75.7046797,3.9061213,POINT Z (-75.7046797 3.9061213 0),2021-08-27T00:00:00+00:00
192,Versalles,locality,-75.6823131,3.9160859,POINT Z (-75.6823131 3.9160859 0),2021-08-27T00:00:00+00:00
193,Alemania,isolated_dwelling,-75.7154594,3.9229241,POINT Z (-75.7154594 3.9229241 0),2021-08-27T00:00:00+00:00
194,Santa Clara,isolated_dwelling,-75.7564384,3.9284401,POINT Z (-75.75643839999999 3.9284401 0),2021-08-27T00:00:00+00:00
195,Vagones,locality,-75.7613257,3.9338705,POINT Z (-75.7613257 3.9338705 0),2021-08-27T00:00:00+00:00
196,Alemania,hamlet,-75.7582143,3.9440893,POINT Z (-75.75821430000001 3.9440893 0),2021-08-27T00:00:00+00:00
197,San José de Las Hermosas,village,-75.6958993,3.9048064,POINT Z (-75.69589929999999 3.9048064 0),2021-08-27T00:00:00+00:00
198,El Cairo,hamlet,-75.6658445,3.90949,POINT Z (-75.66584450000001 3.90949 0),2021-08-27T00:00:00+00:00
199,El Rocio,locality,-75.6482373,3.8744074,POINT Z (-75.64823730000001 3.8744074 0),2021-08-27T00:00:00+00:00
200,Normandia,locality,-75.6487803,3.8794306,POINT Z (-75.6487803 3.8794306 0),2021-08-27T00:00:00+00:00
201,El Mirador (1),locality,-75.6123965,3.8741359,POINT Z (-75.6123965 3.8741359 0),2021-08-27T00:00:00+00:00
202,El Jordan,locality,-75.6246149,3.8750862,POINT Z (-75.6246149 3.8750862 0),2021-08-27T00:00:00+00:00
203,Peñaranda,locality,-75.5932543,3.8841822,POINT Z (-75.5932543 3.8841822 0),2021-08-27T00:00:00+00:00
204,La Estacion,locality,-75.6652073,3.8847252,POINT Z (-75.66520730000001 3.8847252 0),2021-08-27T00:00:00+00:00
205,El Placer,locality,-75.6641212,3.8771226,POINT Z (-75.6641212 3.8771226 0),2021-08-27T00:00:00+00:00
206,San Jorge - Alto,hamlet,-75.5976201,3.8765248,POINT Z (-75.5976201 3.8765248 0),2021-08-27T00:00:00+00:00
207,Rionegro Hermosas,hamlet,-75.6390896,3.8713388,POINT Z (-75.63908960000001 3.8713388 0),2021-08-27T00:00:00+00:00
208,Boqueron Miraflores,locality,-75.712995,3.9633305,POINT Z (-75.71299500000001 3.9633305 0),2021-08-27T00:00:00+00:00
209,Paramo De Cumbarco,locality,-75.741392,4.0252857,POINT Z (-75.741392 4.0252857 0),2021-08-27T00:00:00+00:00
210,Iglesia Divino Niño,place_of_worship,-75.4777937,3.7198169,POINT Z (-75.47779370000001 3.7198169 0),2021-08-27T00:00:00+00:00
211,Restaurante Arroyave,restaurant,-75.4865097,3.7240861,POINT Z (-75.4865097 3.7240861 0),2021-08-27T00:00:00+00:00
212,Restaurante la Parilla,restaurant,-75.4847978,3.7242518,POINT Z (-75.4847978 3.7242518 0),2021-08-27T00:00:00+00:00
213,Colegio Soledad Medina,college,-75.495563,3.7199273,POINT Z (-75.495563 3.7199273 0),2021-08-27T00:00:00+00:00
214,POLITECNICO TOLIMENSE,school,-75.4828854,3.7235353,POINT Z (-75.4828854 3.7235353 0),2021-08-27T00:00:00+00:00
215,Cooperativa de Transportadores del Sur del Tolima - COINTRASUR,office,-75.4854573,3.7235377,POINT Z (-75.48545729999999 3.7235377 0),2021-08-27T00:00:00+00:00
216,V Distrito de Policia / Estación de Policía Chaparral,police,-75.4835758,3.7257427,POINT Z (-75.4835758 3.7257427 0),2021-08-27T00:00:00+00:00
217,BanColombia,bank,-75.4853414,3.7252627,POINT Z (-75.4853414 3.7252627 0),2021-08-27T00:00:00+00:00
218,Banco Davivienda,bank,-75.4847137,3.7243631,POINT Z (-75.4847137 3.7243631 0),2021-08-27T00:00:00+00:00
219,Banco Agrario,bank,-75.4850899,3.7252656,POINT Z (-75.48508990000001 3.7252656 0),2021-08-27T00:00:00+00:00
220,Estacion de Servicio Cointrasur 1,fuel,-75.4734815,3.725547,POINT Z (-75.47348150000001 3.725547 0),2021-08-27T00:00:00+00:00
221,La Charca,isolated_dwelling,-75.4173366,3.5388887,POINT Z (-75.4173366 3.5388887 0),2021-08-27T00:00:00+00:00
222,La Primavera,isolated_dwelling,-75.3852601,3.74445,POINT Z (-75.3852601 3.74445 0),2021-08-27T00:00:00+00:00
223,Llano Largo,isolated_dwelling,-75.4287004,3.530644,POINT Z (-75.4287004 3.530644 0),2021-08-27T00:00:00+00:00
224,Escuela La Holanda Hermosas,school,-75.6203891,3.8380808,POINT Z (-75.6203891 3.8380808 0),2021-08-27T00:00:00+00:00
225,Vivienda,isolated_dwelling,-75.6083153,3.8307446,POINT Z (-75.6083153 3.8307446 0),2021-08-27T00:00:00+00:00
226,Vivienda,isolated_dwelling,-75.6115508,3.8332405,POINT Z (-75.6115508 3.8332405 0),2021-08-27T00:00:00+00:00
227,Oficina Parque Nacional Natural Las Hermosas,pub,-75.4921215,3.7202483,POINT Z (-75.4921215 3.7202483 0),2021-08-27T00:00:00+00:00
228,Tamanaco ,hotel,-75.4861951,3.7225541,POINT Z (-75.4861951 3.7225541 0),2021-08-27T00:00:00+00:00
229,Quesos La Jazminia,food_court,-75.5848437,3.7015013,POINT Z (-75.58484369999999 3.7015013 0),2021-08-27T00:00:00+00:00
230,El Eden,isolated_dwelling,-75.5792733,3.6721238,POINT Z (-75.5792733 3.6721238 0),2021-08-27T00:00:00+00:00
231,Porvenir,isolated_dwelling,-75.5783801,3.66775,POINT Z (-75.5783801 3.66775 0),2021-08-27T00:00:00+00:00
232,Colegio Manuel Murillo Toro,college,-75.4917707,3.7199852,POINT Z (-75.4917707 3.7199852 0),2021-08-27T00:00:00+00:00
233,Monumento El Indio,monument,-75.4828565,3.7242315,POINT Z (-75.4828565 3.7242315 0),2021-08-27T00:00:00+00:00
234,IET Medalla Milagrosa,school,-75.4867364,3.7246275,POINT Z (-75.4867364 3.7246275 0),2021-08-27T00:00:00+00:00
235,Colegio Andrés Rocha,college,-75.4983877,3.7186277,POINT Z (-75.49838769999999 3.7186277 0),2021-08-27T00:00:00+00:00
236,La Línea,hamlet,-75.5084392,3.5564724,POINT Z (-75.5084392 3.5564724 0),2021-08-27T00:00:00+00:00
237,Plaza de Toros La Sombrerera,square,-75.4746948,3.7207659,POINT Z (-75.47469479999999 3.7207659 0),2021-08-27T00:00:00+00:00
238,Club Cointrasur,swimming_pool,-75.4639172,3.7176465,POINT Z (-75.4639172 3.7176465 0),2021-08-27T00:00:00+00:00
239,Club Tuluní,swimming_pool,-75.4863342,3.7216127,POINT Z (-75.4863342 3.7216127 0),2021-08-27T00:00:00+00:00
240,Iglesia El Señor de los Milagros,place_of_worship,-75.4934476,3.7185568,POINT Z (-75.4934476 3.7185568 0),2021-08-27T00:00:00+00:00
241,Zona de comidas rápidas,fast_food,-75.4870735,3.7250397,POINT Z (-75.48707349999999 3.7250397 0),2021-08-27T00:00:00+00:00
242,Supermercado Cafisur,supermarket,-75.4856487,3.7246284,POINT Z (-75.4856487 3.7246284 0),2021-08-27T00:00:00+00:00
243,Tiendas Ara,supermarket,-75.4854793,3.7248362,POINT Z (-75.48547929999999 3.7248362 0),2021-08-27T00:00:00+00:00
244,Federación de Cafeteros,wholesale,-75.4844008,3.7212048,POINT Z (-75.4844008 3.7212048 0),2021-08-27T00:00:00+00:00
245,Casa cural,place_of_worship,-75.4848247,3.724865,POINT Z (-75.4848247 3.724865 0),2021-08-27T00:00:00+00:00
246,Compra de Café,wholesale,-75.5034309,3.7247375,POINT Z (-75.5034309 3.7247375 0),2021-08-27T00:00:00+00:00
247,Colegio Sagrado Corazon de Jesus,college,-75.4962941,3.7188647,POINT Z (-75.4962941 3.7188647 0),2021-08-27T00:00:00+00:00
248,Colegio Departamental Nuestra Señora del Rosario,college,-75.4929484,3.7201888,POINT Z (-75.4929484 3.7201888 0),2021-08-27T00:00:00+00:00
249,Estacion de Servicio Cointrasur 2,fuel,-75.4908842,3.7203974,POINT Z (-75.4908842 3.7203974 0),2021-08-27T00:00:00+00:00
250,Clínica de Ropa y Sastrería,tailor,-75.4879844,3.7201452,POINT Z (-75.4879844 3.7201452 0),2021-08-27T00:00:00+00:00
251,Bomberos Voluntarios Chaparral,fire_station,-75.4834986,3.7218243,POINT Z (-75.4834986 3.7218243 0),2021-08-27T00:00:00+00:00
252,Drogras la Rebaja,chemist,-75.4851658,3.7237634,POINT Z (-75.4851658 3.7237634 0),2021-08-27T00:00:00+00:00
253,Panadería y Pastelería,bakery,-75.4852355,3.7236653,POINT Z (-75.4852355 3.7236653 0),2021-08-27T00:00:00+00:00
254,Neurodent,dentist,-75.4856705,3.7232819,POINT Z (-75.4856705 3.7232819 0),2021-08-27T00:00:00+00:00
255,,bicycle_repair_station,-75.487918,3.7201209,POINT Z (-75.48791799999999 3.7201209 0),2021-08-27T00:00:00+00:00
256,Comfenalco,playground,-75.456971,3.7293594,POINT Z (-75.456971 3.7293594 0),2021-08-27T00:00:00+00:00
257,Los Mangos,locality,-75.3576092,3.7713893,POINT Z (-75.3576092 3.7713893 0),2021-08-27T00:00:00+00:00
258,,car_repair,-75.4906557,3.7204245,POINT Z (-75.4906557 3.7204245 0),2021-08-27T00:00:00+00:00
259,Finca México,alpine_hut,-75.5797254,3.7858304,POINT Z (-75.5797254 3.7858304 0),2021-08-27T00:00:00+00:00
260,Banco de Bogotá,bank,-75.4853082,3.7240644,POINT Z (-75.48530820000001 3.7240644 0),2021-08-27T00:00:00+00:00
261,Vegetariano Adventista,restaurant,-75.4864584,3.723952,POINT Z (-75.4864584 3.723952 0),2021-08-27T00:00:00+00:00
262,Vegetariano El Manjar,restaurant,-75.4866663,3.7241956,POINT Z (-75.4866663 3.7241956 0),2021-08-27T00:00:00+00:00
263,El Queso,locality,-75.4479325,3.6608944,POINT Z (-75.44793249999999 3.6608944 0),2021-08-27T00:00:00+00:00
264,Heladería Twis,ice_cream,-75.4864786,3.7248965,POINT Z (-75.4864786 3.7248965 0),2021-08-27T00:00:00+00:00
265,,bicycle_repair_station,-75.4880255,3.7199299,POINT Z (-75.48802550000001 3.7199299 0),2021-08-27T00:00:00+00:00
266,,transformer_tower,-75.4747841,3.7192774,POINT Z (-75.47478409999999 3.7192774 0),2021-08-27T00:00:00+00:00
267,,transformer_tower,-75.4748833,3.7192694,POINT Z (-75.4748833 3.7192694 0),2021-08-27T00:00:00+00:00
268,dispensario medico,clinic,-75.4945412,3.7245476,POINT Z (-75.4945412 3.7245476 0),2021-08-27T00:00:00+00:00
269,Instituto Educativo Alvaro Molina,school,-75.5915814,3.8420483,POINT Z (-75.5915814 3.8420483 0),2021-08-27T00:00:00+00:00
270,Escuela Rio Negro,school,-75.6293998,3.8545325,POINT Z (-75.6293998 3.8545325 0),2021-08-27T00:00:00+00:00
271,Paradero Rio Negro,locality,-75.6288404,3.8556447,POINT Z (-75.6288404 3.8556447 0),2021-08-27T00:00:00+00:00
272,Paradero La Argentina,locality,-75.6190446,3.8558747,POINT Z (-75.6190446 3.8558747 0),2021-08-27T00:00:00+00:00
273,La Arenosa,locality,-75.6337044,3.8569608,POINT Z (-75.6337044 3.8569608 0),2021-08-27T00:00:00+00:00
274,Motel Monte Bello,love_hotel,-75.45302,3.7310601,POINT Z (-75.45302 3.7310601 0),2021-08-27T00:00:00+00:00
275,El Limón,village,-75.5847828,3.649458,POINT Z (-75.5847828 3.649458 0),2021-08-27T00:00:00+00:00
276,La Marina,village,-75.6403971,3.7279334,POINT Z (-75.6403971 3.7279334 0),2021-08-27T00:00:00+00:00
277,SANTA HELENA,village,-75.4635093,3.7234259,POINT Z (-75.4635093 3.7234259 0),2021-08-27T00:00:00+00:00
278,SANTOFIMIO,village,-75.4633422,3.7217843,POINT Z (-75.4633422 3.7217843 0),2021-08-27T00:00:00+00:00
279,EL JARDIN,village,-75.4606891,3.7280177,POINT Z (-75.4606891 3.7280177 0),2021-08-27T00:00:00+00:00
280,SALOMON UMAÑA,village,-75.4684645,3.7268954,POINT Z (-75.4684645 3.7268954 0),2021-08-27T00:00:00+00:00
281,FUNDADORES,village,-75.4678876,3.7249494,POINT Z (-75.4678876 3.7249494 0),2021-08-27T00:00:00+00:00
282,VILLA ESPERANZA,village,-75.4721984,3.7235235,POINT Z (-75.4721984 3.7235235 0),2021-08-27T00:00:00+00:00
283,CARMENZA ROCHA,village,-75.4727613,3.7196134,POINT Z (-75.4727613 3.7196134 0),2021-08-27T00:00:00+00:00
284,TULUNI,village,-75.4779344,3.7180767,POINT Z (-75.4779344 3.7180767 0),2021-08-27T00:00:00+00:00
285,VILLA DEL TRIUNFO,village,-75.4786444,3.7196359,POINT Z (-75.47864439999999 3.7196359 0),2021-08-27T00:00:00+00:00
286,CASTAÑAL,village,-75.4790693,3.7203911,POINT Z (-75.47906930000001 3.7203911 0),2021-08-27T00:00:00+00:00
287,CARMENZA ROCHA,village,-75.4765396,3.7206859,POINT Z (-75.4765396 3.7206859 0),2021-08-27T00:00:00+00:00
288,PRIMAVERA,village,-75.4749266,3.7257968,POINT Z (-75.4749266 3.7257968 0),2021-08-27T00:00:00+00:00
289,AMERICAS,village,-75.4738651,3.7278829,POINT Z (-75.4738651 3.7278829 0),2021-08-27T00:00:00+00:00
290,PRIMERO DE MAYO,village,-75.4790188,3.723905,POINT Z (-75.47901880000001 3.723905 0),2021-08-27T00:00:00+00:00
291,OBRERO,village,-75.4777944,3.7260692,POINT Z (-75.47779439999999 3.7260692 0),2021-08-27T00:00:00+00:00
292,VERSALLES,village,-75.4816202,3.7259084,POINT Z (-75.48162019999999 3.7259084 0),2021-08-27T00:00:00+00:00
293,JUAN BAUTISTA,village,-75.4837444,3.7264418,POINT Z (-75.48374440000001 3.7264418 0),2021-08-27T00:00:00+00:00
294,DIVINO NIÑO,village,-75.4839525,3.7233223,POINT Z (-75.4839525 3.7233223 0),2021-08-27T00:00:00+00:00
295,LA LOMA,village,-75.4855195,3.7215158,POINT Z (-75.4855195 3.7215158 0),2021-08-27T00:00:00+00:00
296,CENTRO,village,-75.4856738,3.7241704,POINT Z (-75.4856738 3.7241704 0),2021-08-27T00:00:00+00:00
297,LIBERTADOR,village,-75.4884237,3.7228096,POINT Z (-75.4884237 3.7228096 0),2021-08-27T00:00:00+00:00
298,SANTA LUISA,neighbourhood,-75.4886848,3.7202172,POINT Z (-75.4886848 3.7202172 0),2021-08-27T00:00:00+00:00
299,AMBEIMA,village,-75.4892048,3.7176435,POINT Z (-75.4892048 3.7176435 0),2021-08-27T00:00:00+00:00
300,CABAÑAS,village,-75.4904005,3.7175266,POINT Z (-75.49040050000001 3.7175266 0),2021-08-27T00:00:00+00:00
301,PRADOS DEL EDEN,village,-75.4945661,3.7164016,POINT Z (-75.4945661 3.7164016 0),2021-08-27T00:00:00+00:00
302,EL EDEN,village,-75.4939602,3.7183859,POINT Z (-75.4939602 3.7183859 0),2021-08-27T00:00:00+00:00
303,VILLA CAFE,village,-75.4983506,3.7196248,POINT Z (-75.49835059999999 3.7196248 0),2021-08-27T00:00:00+00:00
304,BELTRAN,village,-75.4975104,3.7216758,POINT Z (-75.4975104 3.7216758 0),2021-08-27T00:00:00+00:00
305,LAURELES,village,-75.4922968,3.7211287,POINT Z (-75.49229680000001 3.7211287 0),2021-08-27T00:00:00+00:00
306,PUEBLO NUEVO,village,-75.4901666,3.7250603,POINT Z (-75.49016659999999 3.7250603 0),2021-08-27T00:00:00+00:00
307,ALGODONES,village,-75.4939736,3.7270046,POINT Z (-75.4939736 3.7270046 0),2021-08-27T00:00:00+00:00
308,EL ROCIO,village,-75.4909751,3.727609,POINT Z (-75.4909751 3.727609 0),2021-08-27T00:00:00+00:00
309,20 DE JULIO,village,-75.4874479,3.7276957,POINT Z (-75.48744790000001 3.7276957 0),2021-08-27T00:00:00+00:00
310,LAS BRISAS,village,-75.4890089,3.7285436,POINT Z (-75.4890089 3.7285436 0),2021-08-27T00:00:00+00:00
311,PARAISO,village,-75.4884881,3.7297615,POINT Z (-75.4884881 3.7297615 0),2021-08-27T00:00:00+00:00
312,VILLA DEL ROCIO,village,-75.4871506,3.7296074,POINT Z (-75.48715060000001 3.7296074 0),2021-08-27T00:00:00+00:00
313,SAN FERNANDO,village,-75.4857963,3.7292639,POINT Z (-75.4857963 3.7292639 0),2021-08-27T00:00:00+00:00
314,SAN FERNANDO BAJO,village,-75.4855796,3.7312556,POINT Z (-75.48557959999999 3.7312556 0),2021-08-27T00:00:00+00:00
315,JOSE MARIANO MELO,village,-75.481846,3.7303378,POINT Z (-75.481846 3.7303378 0),2021-08-27T00:00:00+00:00
316,Entrada al pando del Líbano,bus_stop,-75.5670213,3.7380527,POINT Z (-75.56702129999999 3.7380527 0),2021-08-27T00:00:00+00:00
317,Amoya,village,-75.3855148,3.6708157,POINT Z (-75.3855148 3.6708157 0),2021-08-27T00:00:00+00:00
318,Super Limpio M.W.,supermarket,-75.4832406,3.7225169,POINT Z (-75.4832406 3.7225169 0),2021-08-27T00:00:00+00:00
319,Buenos Aires,farm,-75.5799441,3.8437099,POINT Z (-75.57994410000001 3.8437099 0),2021-08-27T00:00:00+00:00
320,El moral,school,-75.5823051,3.7887489,POINT Z (-75.5823051 3.7887489 0),2021-08-27T00:00:00+00:00
321,La RIvera,farm,-75.7381314,3.9307427,POINT Z (-75.7381314 3.9307427 0),2021-08-27T00:00:00+00:00
